Song Title,Artists,BPM,Comments,Length

"(I'm Only) Human","The Human League","101","80s Rock- B Sides","4:25"

"(I've Had) The Time of My Life Boost 2020","Bill Medley & Jennifer Warnes","108","80s Rock- A Sides/Classic Rock/New Wave/Alt","4:50"

"(Oh) Pretty Woman (2015 Remaster)","Van Halen","128","80s Rock- A Sides/Guitar-Alt/Classic Rock/New Wave/Alt/MensSports","2:53"

"(She's) Sexy & 17 (doubletime)","Stray Cats","89","80s Rock- B Sides","3:32"

"1-2-3","Gloria Estefan/Miami Sound Machine","126","80s Rock- A Sides/Pop/Classic Rock","3:35"

"19 - Paul Hardcastle","Paul Harcastle","118","80s Rock- B Sides","3:36"

"33% God {Instrumental}","Beastie Boys","103","80s Rock- B Sides","3:53"

"99 Luftballons (English)[Dj Special 2025]","Nena","96","80s Rock- A Sides/Classic Rock","2:50"

"99 Luftballons (German)[Dj Special 2025]","Nena","96","80s Rock- A Sides/Classic Rock/WMSport","2:53"

"867-5309/Jenny","Tommy Tutone","137","80s Rock- B Sides","3:47"

"A Little Respect","Erasure","114","80s Rock- B Sides","3:33"

"A View to a Kill","Duran Duran","125","80s Rock- B Sides","3:35"

"Addicted To Love (Dj cut)","Robert Palmer","111","80s Rock- A Sides/Classic Rock","3:57"

"Ain't Talkin' 'Bout Love","Van Halen","139","80s Rock- A Sides/Guitar-Alt/Classic Rock/New Wave/Alt/MensSports","3:50"

"Airhead","Thomas Dolby","119","80s Rock- B Sides","5:09"

"All She Wants To Do Is Dance","Don Henley","115","80s Rock- A Sides/Classic Rock","4:30"

"Always Something There To Remind Me","Naked Eyes","149","80s Rock- A Sides/Classic Rock","3:41"

"America (From "The Jazz Singer" Soundtrack)","Neil Diamond","130.460000","80s Rock- B Sides","4:18"

"American Girl (Dj Cut 2026)[4 Phrase]","Tom Petty","114.450000","80s Rock- A Sides/Guitar-Alt","3:09"

"American Girl [Cold Start]","Tom Petty","114.450000","80s Rock- A Sides/Guitar-Alt/Classic Rock","3:30"

"And She Was","Talking Heads","126","80s Rock- B Sides","3:39"

"Animal(WARPED)","Def Leopard","119","80s Rock- B Sides/Guitar","4:04"

"Another One Bites The Dust","Queen","109","80s Rock- A Sides/Pop/Classic Rock/MensSports","3:36"

"Any Way You Want It (Dj Special 2024)","Journey","138","80s Rock- A Sides/Classic Rock","3:29"

"Anything, Anything (I'll Give You) (4 Phrase)","Dramarama","112","80s Rock- B Sides","3:26"

"Are You Ready for the Sex Girls (Dj Cut 2022)","Gleaming Spires","130","80s Rock- B Sides","4:09"

"Authority Song","John Cougar Mellencamp","156","80s Rock- B Sides","3:50"

"Axel F (From "Beverly Hills Cop" Soundtrack)","Harold Faltermeyer","117","80s Rock- A Sides/Pop/Classic Rock/New Wave/Alt/MensSports","3:05"

"Back in Black (8ct looper)","AC/DC","91","80s Rock- A Sides/Guitar-Alt/Classic Rock","4:15"

"Bad Boy","Gloria Estefan/Miami Sound Machine","90","80s Rock- A Sides/Pop/Classic Rock","3:56"

"Bad Medicine (Dj cut 2022)","Bon Jovi","119","80s Rock- A Sides/Guitar-Alt/New Wave/Alt","5:09"

"Bad Reputation (Doubletime)","Joan Jett & The Blackhearts","102","80s Rock- B Sides","2:48"

"Bad To The Bone (98.80bpm)","George Thurgood","99","80s Rock- B Sides","4:55"

"Bamboleo (8ct Looper)","Gipsy Kings","120","80s Rock- B Sides","3:24"

"Bang on the Drum All Day","Todd Rundgren","141","80s Rock- B Sides","3:37"

"Bark at the Moon","Ozzy Osbourne","149","80s Rock- B Sides/Guitar","4:17"

"Beat Box (Class Edit 2)","The Art of Noise","109","80s Rock- A Sides/Classic Rock/New Wave/Alt","4:07"

"Been Caught Stealing (Dj Cut 2025)","Jane's Addiction","103","80s Rock- A Sides/Guitar-Alt/New Wave/Alt/MensSports","3:40"

"Bela Lugosi's Dead (Short Version)","Bauhaus","153","80s Rock- B Sides","6:01"

"Bette Davis Eyes","Kim Carnes","116","80s Rock- B Sides","3:46"

"Big Balls","AC/DC","107","80s Rock- A Sides/Guitar-Alt/Classic Rock","2:38"

"Big Love","Fleetwood Mac","125","80s Rock- A Sides/Pop/Classic Rock","3:39"

"Big Time","Peter Gabriel","115","80s Rock- B Sides","4:25"

"Bizarre Love Triangle [Extended Dance Mix]","New Order","118","80s Rock- A Sides/New Wave/Alt","6:41"

"Blister in the Sun - 194","Violent Femmes","96","80s Rock- B Sides","2:26"

"Blitzkreig Bop - 176","The Ramones","88","80s Rock- B Sides/Guitar","2:12"

"Blue Monday","New Order","130","80s Rock- A Sides/New Wave/Alt","7:26"

"Bohemian Rhapsody (DJ Cut 2024)2.0","Queen","151.000000","80s Rock- A Sides/Classic Rock","2:55"

"Bohemian Rhapsody FULL SONG","Queen","141","80s Rock- A Sides/Classic Rock/MensSports","5:54"

"Boom Boom Boom","Paul Lekakis","129","80s Rock- A Sides/New Wave/Alt","5:37"

"Bop 'Til You Drop (Dj Cut 2023)","Rick Springfield","115","80s Rock- B Sides","4:10"

"Borderline","Madonna","119","80s Rock- A Sides/Pop/Classic Rock/New Wave/Alt","3:59"

"Born In The USA (Slow Start)","Bruce Springsteen","120","80s Rock- A Sides/Pop/Classic Rock/MensSports","4:41"

"Boys Don't Cry (doubletime)","The Cure","84","80s Rock- A Sides/Guitar-Alt/New Wave/Alt","2:32"

"Boys Just Want To Have Sex (Radio Edit)","Exude","122.870000","80s Rock- B Sides","4:00"

"Brass Monkey","Beastie Boys","116","80s Rock- A Sides/New Wave/Alt","2:46"

"Break My Stride ['Can't Nobody Hold Me Down']","Matthew Wilder","110","80s Rock- A Sides/Classic Rock","3:05"

"Break These Chains Of Love  (Dj Cut)","Erasure","122","80s Rock- B Sides","3:20"

"Breaking The Law","Judas Priest","82","80s Rock- B Sides/Guitar","2:35"

"Built This City","Starship","144","80s Rock- A Sides/Classic Rock","4:44"

"Burning Down the House (Dj Cut)","Talking Heads","103","80s Rock- A Sides/Pop/Classic Rock/MensSports","4:01"

"Burning Up","Madonna","138","80s Rock- A Sides/Pop/Classic Rock/New Wave/Alt","3:45"

"California Girls (8ct looper)","David Lee Roth","115","80s Rock- B Sides","2:29"

"Call Me - Blondie","Blondie","142","80s Rock- A Sides/Classic Rock","3:32"

"Candy - Iggy Pop","Iggy Pop","150","80s Rock- B Sides","4:05"

"Can't Stand Losing You","The Police","142","80s Rock- A Sides/Classic Rock","3:04"

"Cars (Dj Special 2022)","Gary Numan","128","80s Rock- B Sides","3:59"

"Centerfold","J. Geils Band","115","80s Rock- B Sides","3:37"

"Cherish (132bpm)","Madonna","132","80s Rock- A Sides/Pop/Classic Rock/New Wave/Alt","3:52"

"Church of the Poison Mind","Culture Club","130","80s Rock- A Sides/Pop/New Wave/Alt","3:31"

"Close To Me (doubletime)","The Cure","92","80s Rock- A Sides/Guitar-Alt/New Wave/Alt","3:41"

"Closer To Fine (4 phrase Doubletime)","Indigo Girls","98","80s Rock- B Sides","4:02"

"C'mon Eileen (ends at 123bpm)","Drexy's Midnight","107","80s Rock- A Sides/Classic Rock/New Wave/Alt","4:03"

"Conga","Gloria Estefan/Miami Sound Machine","122","80s Rock- A Sides/Pop/Classic Rock/WMSport","4:15"

"Cradle of Love","Billy Idol","143","80s Rock- A Sides/Classic Rock/New Wave/Alt","4:41"

"Crash","The Primitives","85","80s Rock- B Sides","2:32"

"Crazy Little Thing Called Love","Queen","153","80s Rock- A Sides/Classic Rock","2:44"

"Crazy Train (remastered)","Ozzy Osbourne","137","80s Rock- A Sides/Guitar-Alt/Classic Rock/New Wave/Alt/MensSports","4:56"

"Cruel Summer (Dj Cut 2025)","Bananarama","108","80s Rock- A Sides/New Wave/Alt","3:46"

"Cult Of Personality (Dj Edit)","Living Colour","92","80s Rock- A Sides/Guitar-Alt/New Wave/Alt/MensSports","4:41"

"Cum on Feel the Noise (Dj Cut 2024)","Quiet Riot","146","80s Rock- A Sides/Guitar-Alt/New Wave/Alt/MensSports","4:52"

"Da Da Da ","Trio","131","80s Rock- B Sides","3:27"

"Dance (Pt 1)","The Rolling Stones","107","80s Rock- B Sides","4:23"

"Dance Hall Days","Wang Chung","102","80s Rock- A Sides/Classic Rock","7:21"

"Dancing In Heaven (Orbital Be-Bop)","Q-Feel","137","80s Rock- B Sides","3:02"

"Dancing In The Dark","Bruce Springsteen","148","80s Rock- A Sides/Classic Rock","4:05"

"Dancing With Myself - 176 (4 Phrase)","Billy Idol","88","80s Rock- A Sides/Classic Rock/New Wave/Alt/MensSports","3:20"

"Dark Entries (doubletime)","Bauhaus","85","80s Rock- B Sides","3:52"

"De Do Do Do, De Da Da Da","The Police","147","80s Rock- A Sides/Classic Rock","4:10"

"Dead Mans Party (Dj cut) (4 Phrase)","Oingo Boingo","80","80s Rock- B Sides","6:22"

"Der Kommissar","After the Fire","121","80s Rock- B Sides","5:41"

"Desire (4 Phrase)","U2","108","80s Rock- B Sides","2:59"

"Devil Inside","INXS","150","80s Rock- B Sides","5:12"

"Dirty Laundry","Don Henley","98","80s Rock- A Sides/Classic Rock","5:37"

"Do You Believe In Love","Huey Lewis And The News","114","80s Rock- B Sides","3:29"

"Do You Really Want To Hurt Me (Cold Start)","Culture Club","100","80s Rock- A Sides/Pop/New Wave/Alt","4:24"

"Do You Really Want To Hurt Me (Dj Cut 2026)","Culture Club","100.450000","                            ","3:58"

"Doctor! Doctor!","Thompson Twins","119","80s Rock- B Sides","4:39"

"Don't Get Me Wrong","Pretenders","101","80s Rock- B Sides","3:48"

"Don't Go","Yaz","125.470000","80s Rock- A Sides/New Wave/Alt","3:11"

"Don't Lose My Number (2016 Remastered) - 162","Phil Collins","80","80s Rock- A Sides/Pop/Classic Rock","4:49"

"Don't Lose My Number [12"} (doubletime)","Phil Collins -Genesis","81","80s Rock- A Sides/Pop/Classic Rock","6:35"

"Don't Stand So Close To Me","The Police","140","80s Rock- A Sides/Classic Rock","4:03"

"Don't Stop Believin' (Dj Special 2025)","Journey","120","80s Rock- A Sides/Classic Rock/MensSports","4:08"

"Don't Worry, Be Happy","Bobby McFarren","137","80s Rock- A Sides/Pop/Classic Rock","3:49"

"Don't You Forget About Me (Dj Cut 2025)2.0","Simple Minds","111.060000","80s Rock- A Sides/New Wave/Alt","4:39"

"Don't You Want Me","The Human League","117","80s Rock- A Sides/New Wave/Alt","3:59"

"Down Under","Men at Work","107","80s Rock- A Sides/Pop/Classic Rock","3:43"

"Dr. Feelgood (Dj Cut 2025)","Mötley Crüe","111","80s Rock- B Sides","4:36"

"Dress You Up","Madonna","136","80s Rock- A Sides/Pop/Classic Rock/New Wave/Alt/MensSports","4:02"

"Drop Dead Legs (Dj Special 2026)","Van Halen","89.000000","80s Rock- A Sides/Guitar","3:52"

"Dude Looks Like A Lady","Aerosmith","126","80s Rock- A Sides/Guitar-Alt/Classic Rock","4:25"

"Dulcimer Stomp / The Other Side","Aerosmith","127","80s Rock- A Sides/Guitar-Alt/Classic Rock","4:56"

"Easy Lover (Dj Cut 2026){Que @ 7.8 secs}","Phil Collins & Philip Baily","129.020000","Amazon.com Song ID: 259347503","5:06"

"Easy Lover (Dj Cut 2026){From the top}[Que @ 7.8 secs]","Phil Collins & Philip Baily","129.020000","Amazon.com Song ID: 259347503","5:21"

"Edge Of Seventeen","Stevie Nicks","114","80s Rock- A Sides/Classic Rock/WMSport","5:26"

"Electric Avenue (Boosted 2024)","Eddy Grant","121","80s Rock- A Sides/Pop/Classic Rock/MensSports","3:49"

"Emotional Rescue","The Rolling Stones","110","80s Rock- B Sides","5:40"

"Englishman In New York","Sting","102","80s Rock- B Sides","4:27"

"Enjoy the Silence","Depeche Mode","113","80s Rock- A Sides/New Wave/Alt","4:16"

"Epic","Faith No More","87","80s Rock- A Sides/Guitar-Alt/New Wave/Alt","4:54"

"Every Breath You Take Ill Be Missing You","The Police","117","80s Rock- A Sides/Classic Rock","4:08"

"Every Day Is Halloween","Ministry","114","80s Rock- B Sides","6:37"

"Every Little Thing She Does Is Magic - 82 (4 Phrase)","The Police","82","80s Rock- A Sides/Pop/Classic Rock","4:21"

"Everybody Have Fun Tonight","Wang Chung","129","80s Rock- A Sides/Classic Rock/MensSports","4:47"

"Everybody Wants Some (Dj Special 2023)","Van Halen","144","80s Rock- A Sides/Guitar-Alt/Classic Rock/New Wave/Alt/MensSports","5:09"

"Everybody Wants to Rule the World (Dj Cut 2025)","Tears for Fears","112","80s Rock- A Sides/New Wave/Alt","4:23"

"Everybody Wants You","Billy Squier","131","80s Rock- A Sides/New Wave/Alt/MensSports","3:47"

"Everything She Wants","Wham!","115","80s Rock- A Sides/New Wave/Alt","6:29"

"Everywhere (2017 Remaster)","Fleetwood Mac","115","80s Rock- B Sides","3:47"

"Express Yourself (Original)","Madonna","115","80s Rock- A Sides/Pop/Classic Rock/New Wave/Alt","4:39"

"Express Yourself","Madonna","115","80s Rock- A Sides/Pop/Classic Rock/New Wave/Alt","4:04"

"Eye Of The Tiger","Survivor","108","80s Rock- A Sides/Pop/Classic Rock","3:46"

"Faith (Class Edit) (Doubletime)","George Michael","95","80s Rock- A Sides/Pop/Classic Rock/New Wave/Alt","2:38"

"Fame","David Bowie","95","80s Rock- A Sides/Pop/Classic Rock","4:20"

"Family Man","Hall & Oates","131","80s Rock- A Sides/Pop/Classic Rock","5:48"

"(Keep Feeling) Fascination","The Human League","118","80s Rock- A Sides/New Wave/Alt","3:44"

"Feel The Beat Drop [Beastie Boys] (Dj Cut 2023)[4_Phrase]","Beastie Boys","154","80s Rock- A Sides/New Wave/Alt","1:24"

"Fight For Your Right to Party","Beastie Boys","133","80s Rock- A Sides/New Wave/Alt","3:28"

"Flashdance What A Feeling  (Dj Cut)","Irene Cara","123","80s Rock- B Sides","3:10"

"Footloose (4 phrase doubletime)","Kenny Loggins","87","80s Rock- A Sides/Pop/Classic Rock/MensSports","3:44"

"Free Fallin' (4 Phrase)","Tom Petty","84","80s Rock- B Sides","4:16"

"Freedom (Wham) (Dj Special 2023)","Wham!","134","80s Rock- A Sides/New Wave/Alt","4:54"

"Freedom 90","George Michael","92","80s Rock- B Sides","6:28"

"Freeze Frame (4 Phrase)","J. Geils Band","93","80s Rock- B Sides","3:57"

"Friday I'm in Love","The Cure","136","80s Rock- A Sides/Pop/New Wave/Alt","3:34"

"Funky Town (Pseudo Echo)","Pseudo Echo","128","80s Rock- B Sides","4:51"

"Get It On (Bang a Gong) [7'' Mix]","The Power Station","124","80s Rock- A Sides/Classic Rock","3:47"

"Ghostbusters","Ray Parker, Jr.","115","80s Rock- A Sides/Pop/Classic Rock","4:05"

"Girlfriend Is Better (8ct Looper)","Talking Heads","118","80s Rock- B Sides","5:46"

"Girls Girls Girls","Mötley Crüe","140","80s Rock- A Sides/Guitar-Alt/New Wave/Alt","4:28"

"Girls Just Want to Have Fun (Warped)","Cyndi Lauper","120","80s Rock- A Sides/Pop/New Wave/Alt/WMSport","3:54"

"Girls on Film","Duran Duran","132","80s Rock- A Sides/New Wave/Alt","3:29"

"Girls","Beastie Boys","139","80s Rock- A Sides/New Wave/Alt","2:14"

"Gloria","Laura Branigan","131","80s Rock- B Sides","3:51"

"Glory Days","Bruce Springsteen","117","80s Rock- B Sides","4:18"

"Good Thing - 83 {4 Phrase}","Fine Young Cannibals","82","80s Rock- A Sides/New Wave/Alt","3:24"

"Goodbye to You","Scandal feat. Patty Smyth","159","80s Rock- B Sides","3:46"

"Goodbye, Goodbye (2 phrase doubletime)","Oingo Boingo","96","80s Rock- B Sides","3:54"

"Goody Two Shoes (4 phraase doubletime) (95bpm) ","Adam Ant","95","80s Rock- B Sides","3:29"

"Hangin' Tough","New Kids on the Block","91","80s Rock- A Sides/Pop/New Wave/Alt","3:52"

"Have A Drink on Me [slow start]","AC/DC","122","80s Rock- A Sides/Guitar-Alt/Classic Rock","3:59"

"Head Over Heels - GOGOs","The Go-Go's","157","80s Rock- B Sides","3:36"

"Heart And Soul","Huey Lewis & The News","121","80s Rock- B Sides","4:09"

"Heat Of The Moment (Dj Cut) (8ct looper)(139 in the middle)","Asia","130","80s Rock- B Sides","3:47"

"Hells Bells (SLOW START)","AC/DC","107","80s Rock- B Sides/Guitar","5:12"

"Here Comes the Rain Again","Eurythmics","126","80s Rock- B Sides","5:06"

"Here I Am (Come And Take Me)[Dj Cut 2025]{4 Phrase}","UB40","96","80s Rock- A Sides/Classic Rock","4:13"

"Hey Bud","Jeff Spicolli","0","80s Rock- B Sides","0:19"

"Hey Ladies","Beastie Boys","101","80s Rock- A Sides/New Wave/Alt","3:47"

"Hey Nineteen","Steely Dan","120","80s Rock- B Sides","5:08"

"Higher Love","Steve Winwood","98","80s Rock- A Sides/Classic Rock","4:12"

"Highway To The Danger Zone","Kenny Loggins","157","80s Rock- A Sides/Classic Rock/MensSports","3:34"

"Hip To Be Square","Huey Lewis And The News","141","80s Rock- B Sides","4:05"

"Hit Me With Your Best Shot (Remastered)","Pat Benatar","127","80s Rock- A Sides/Pop/Classic Rock/WMSport","2:51"

"Hold It Now, Hit It","Beastie Boys","95","80s Rock- A Sides/New Wave/Alt","3:27"

"Hold Me Now INTRO NEEDS BOOST","Thompson Twins","108","80s Rock- A Sides/New Wave/Alt","4:47"

"Hold On Loosely","38 Special","128","80s Rock- B Sides","4:22"

"Hold the Line (looper) (96BPM)","Toto","96","80s Rock- B Sides","3:56"

"Holiday - (Original)","Madonna","115","80s Rock- A Sides/Pop/Classic Rock/New Wave/Alt","6:10"

"Holiday Road (4 phrase doubletime)(94bpm)","Lindsey Buckingham","94","80s Rock- B Sides","2:10"

"Holiday","Madonna","117","80s Rock- A Sides/Pop/Classic Rock/New Wave/Alt/MensSports","4:05"

"Hot Hot Hot !!! (The Cure)","The Cure","112","80s Rock- A Sides/Guitar-Alt/New Wave/Alt","3:36"

"Hot Hot Hot [B.P](Dj Cut 2025)","Buster Poindexter","128","80s Rock- A Sides/Pop/Classic Rock","4:18"

"Hot In The City","Billy Idol","111","80s Rock- B Sides","3:39"

"Hungry Eyes (8ct looper)","Eric Carmen","111","80s Rock- B Sides","4:10"

"Hungry Like the Wolf","Duran Duran","129","80s Rock- A Sides/New Wave/Alt","3:27"

"Hurts So Good","John Cougar Mellencamp","126","80s Rock- A Sides/Classic Rock","3:42"

"I Can Dream About You","Dan Hartman","113","80s Rock- A Sides/Pop/Classic Rock","4:10"

"I Cant Drive 55","Sammy Hagar","134","80s Rock- B Sides","4:10"

"I Can't Go for That (No Can Do) [45 Version]","Hall & Oates","110","80s Rock- A Sides/Pop/Classic Rock","3:56"

"I Can't Wait (Dj Cut 2025)","Nu Shooz","103","80s Rock- A Sides/New Wave/Alt/WMSport","3:44"

"I Didn't Mean To Turn You On (Robert Palmer)","Robert Palmer","120","80s Rock- A Sides/Classic Rock","3:37"

"I Don't Know","Ozzy Osbourne","135","80s Rock- B Sides/Guitar","5:15"

"I Don't Wanna Go On With You Like That","Elton John","135","80s Rock- A Sides/Classic Rock","4:35"

"I Eat Cannibals","Toto Coelo","148","80s Rock- B Sides","3:30"

"I Hate Myself For Loving You  ","Joan Jett & The Blackhearts","118","80s Rock- B Sides","4:07"

"I Just Cant Get Enough","Depeche Mode","127","80s Rock- A Sides/New Wave/Alt/MensSports","3:44"

"I Just) Died in Your Arms","Cutting Crew","125","80s Rock- A Sides/New Wave/Alt","4:34"

"I Keep Forgetting (Aud Remaster)","Micheal McDonald","95","80s Rock- B Sides","3:40"

"I Know What Boys Like (Dj Cut 2022)(8ct looper)","The Waitresses","104","80s Rock- B Sides","3:22"

"I Love L.A.","Randy Newman","130","80s Rock- B Sides","3:29"

"I Love Rock N' Roll (Dj Cut 2022)","Joan Jett & The Blackhearts","94","80s Rock- A Sides/Classic Rock/WMSport","3:05"

"I Love Rock N' Roll [Cold Start]","Joan Jett & The Blackhearts","94","80s Rock- A Sides/Classic Rock/WMSport","2:56"

"I Melt With You","Modern English","156","80s Rock- A Sides/New Wave/Alt","3:51"

"I Need A Hero Remix","Bonnie Tyler","148","80s Rock- B Sides","5:07"

"I Ran (So Far Away)","A Flock of Seagulls","145","80s Rock- A Sides/New Wave/Alt","3:43"

"I Still Havent Found What Im Looking For (U2)","U2","100","80s Rock- B Sides","4:40"

"I Think We're Alone Now","Tiffany","131","80s Rock- A Sides/New Wave/Alt","3:44"

"I Wanna Have Some Fun","Samantha Fox","122","80s Rock- B Sides","3:56"

"I Wannna Be Sedated - (looper)","The Ramones","82","80s Rock- B Sides/Guitar","2:30"

"I Want a New Drug (Cold Start)","Huey Lewis & The News","110.450000","80s Rock- A Sides/Pop/Classic Rock","3:32"

"I Want a New Drug (Dj Cut 2026)","Huey Lewis & The News","110.450000","80s Rock- A Sides/Pop/Classic Rock","3:40"

"I Want Action - 73","Poison","146","80s Rock- A Sides/Guitar-Alt/New Wave/Alt","3:05"

"I Want Candy (4 Phrase)","Bow Wow Wow","109","80s Rock- B Sides","2:44"

"I Want Your Sex","George Michael","99","80s Rock- A Sides/Pop/Classic Rock/New Wave/Alt","4:41"

"I Won't Back Down","Tom Petty","114","80s Rock- A Sides/Classic Rock","2:55"

"If You Leave ","O.M.D","120","80s Rock- B Sides","4:28"

"Iko Iko","The Belle Stars","104","80s Rock- B Sides","2:59"

"I'll Tumble 4 Ya","Culture Club","112","80s Rock- A Sides/Pop/New Wave/Alt","2:38"

"I'll Wait (Dj Special 2021 OK)","Van Halen","115","80s Rock- A Sides/Guitar-Alt//Classic Rock/New Wave/Alt","4:10"

"I'm Free (Remastered)","The Soup Dragons","103","80s Rock- B Sides","3:58"

"I'm Gonna Be (500 Miles) (Adj Intro)","The Proclaimers","132.310000","80s Rock- A Sides/MensSports","3:32"

"I'm Still Standing - 177 (4 Phrase)","Elton John","88","80s Rock- A Sides/Classic Rock/MensSports","3:02"

"I'm The Man (Clean) [Dj Cut 2024]","Anthrax","99","80s Rock- B Sides/Guitar-Alt/New Wave/Alt","2:55"

"I'm The Man (Dirty) [Dj Cut 2024]","Anthrax","99","80s Rock- B Sides/Guitar-Alt/New Wave/Alt","2:53"

"I'm Your Man","Wham!","132","80s Rock- A Sides/New Wave/Alt","4:03"

"In a Big Country","Big Country","126","80s Rock- B Sides","3:53"

"In Between Days","The Cure","142","80s Rock- A Sides/New Wave/Alt","2:57"

"In the Air Tonight ('88 Remix)[Cold Start Good]","Phil Collins","94","80s Rock- A Sides/Pop/Classic Rock","5:07"

"In The Air Tonight (Dj Special 2022 short)","Phil Collins","95","80s Rock- A Sides/Pop/Classic Rock","1:41"

"Into the Groove (Dj Cut 2026 From the Top)","Madonna","117.030000","80s Rock- A Sides/Pop/Classic Rock/New Wave/Alt","4:26"

"Invisible Touch","Phil Collins -Genesis","131","80s Rock- A Sides/Pop/Classic Rock","3:30"

"It's a Miracle","Culture Club","118","80s Rock- A Sides/Pop/New Wave/Alt","3:27"

"It's My Life (by Talk Talk)","Talk Talk","126","80s Rock- B Sides","3:53"

"It's Still Rock and Roll to Me","Billy Joel","138","80s Rock- B Sides","2:58"

"I've Been Thinking About You","Londonbeat","113","80s Rock- B Sides","3:43"

"I've Got My Mind Set On You","George Harrison","149","80s Rock- A Sides/Classic Rock","3:51"

"Jack & Diane","John Cougar Mellencamp","104","80s Rock- B Sides","4:15"

"Jeopardy","Greg Kihn Band","109","80s Rock- B Sides","3:47"

"Jessie's Girl (Sound Balanced)","Rick Springfield","131","80s Rock- A Sides/Pop/Classic Rock/MensSports","3:12"

"Jukebox (Don't Put Another Dime)","The Flirts","150","80s Rock- B Sides","5:26"

"Jump - Van Halen","Van Halen","129","80s Rock- A Sides/Guitar-Alt//Classic Rock/New Wave/Alt","3:55"

"Medley: Just a Gigolo/I Ain't Got Nobody","David Lee Roth","125","80s Rock- B Sides","4:42"

"Just Like Heaven ","The Cure","151","80s Rock- A Sides/Guitar-Alt/New Wave/Alt","3:32"

"Just the Way It Is, Baby","The Rembrandts","110","80s Rock- B Sides","4:04"

"Karma Chameleon (Dj Cut 2026)(4 phrase)","Culture Club","92","80s Rock- A Sides/Pop/New Wave/Alt","4:01"

"Karma Chameleon {Cold Start}","Culture Club","92","80s Rock- A Sides/Pop/New Wave/Alt","3:58"

"Keep Your Hands To Yourself","Georgia Satellites","116","80s Rock- B Sides","3:28"

"Kickstart My Heart (Dj Cut 2024)","Motley Crue","89","80s Rock- A Sides/Guitar-Alt/New Wave/Alt/MensSports","4:11"

"Kokomo (Dj Cut 2024 OK)","The Beach Boys","116","80s Rock- A Sides/Classic Rock","3:41"

"L.A. Is My Lady [feat. Quincy Jones]","Frank Sinatra & Quincy Jones","114","80s Rock- A Sides/Pop/Classic Rock","3:13"

"La Bamba","Los Lobos","156","80s Rock- A Sides/Classic Rock","2:52"

"Land Of Confusion","Phil Collins -Genesis","115","80s Rock- A Sides/Pop/Classic Rock","4:44"

"Legs","ZZ Top","125.370000","80s Rock- A Sides/Guitar-Alt/Classic Rock","4:31"

"Let It Go","Def Leppard","138","80s Rock- B Sides/Guitar","4:43"

"Let's Dance","David Bowie","114","80s Rock- A Sides/Pop/Classic Rock/MensSports","4:10"

"Let's Go All The Way","Sly Fox","98","80s Rock- B Sides","3:59"

"Lick It Up","Kiss","120","80s Rock- B Sides","3:57"

"Lies","Thompson Twins","130","80s Rock- A Sides/New Wave/Alt","3:13"

"Life During Wartime (warped)","Talking Heads","138","80s Rock- B Sides","5:51"

"Like a Prayer","Madonna","112","80s Rock- A Sides/Pop/Classic Rock/New Wave/Alt","5:51"

"Like a Virgin","Madonna","119","80s Rock- A Sides/Pop/Classic Rock/New Wave/Alt","3:11"

"Little Lies (Dj Special 2021)","Fleetwood Mac","124","80s Rock- B Sides","3:34"

"Livin' on a Prayer","Bon Jovi","122","80s Rock- A Sides/Guitar-Alt/New Wave/Alt/MensSports","4:09"

"Living After Midnight","Judas Priest","135","80s Rock- A Sides/Guitar-Alt/Classic Rock/MensSports","3:10"

"Living In Oblivion","Anything Box","124","80s Rock- B Sides","5:07"

"Looks That Kill","Motley Crue","135","80s Rock- B Sides/Guitar","4:07"

"Love in an Elevator","Aerosmith","94","80s Rock- A Sides/Guitar-Alt/Classic Rock","5:22"

"Love Is a Battlefield (Dj Cut 2025)2.0","Pat Benatar","90.460000","80s Rock- A Sides/Classic Rock/WMSport","5:39"

"Love Shack (Dj Cut 2024 OK!)","The B-52's","133","80s Rock- A Sides/Classic Rock/WMSport","4:22"

"Love Stinks","The J. Geils Band","89","80s Rock- B Sides","3:45"

"Lovesong (Extended Mix)","The Cure","140","80s Rock- A Sides/Pop/New Wave/Alt","6:21"

"Lucky Star","Madonna","118","80s Rock- A Sides/Pop/Classic Rock/New Wave/Alt","3:37"

"Mad About You","Belinda Carlisle","144","80s Rock- B Sides","3:38"

"Magic","Olivia Newton-John","104","80s Rock- B Sides","4:32"

"Major Tom (Coming Home) - 83","Peter Schilling","82","80s Rock- B Sides","4:00"

"Maneater - 178 (4 Phrase)","Hall & Oates","88","80s Rock- A Sides/Pop/Classic Rock","4:32"

"Maniac (doubletime) (4 phrase)","Michael Sembello","158","80s Rock- A Sides/Classic Rock","4:05"

"Manic Monday","The Bangles","121","80s Rock- A Sides/New Wave/Alt","3:05"

"Mary Jane's Last Dance - 170","Tom Petty","85","80s Rock- B Sides","4:34"

"Material Girl","Madonna","134","80s Rock- A Sides/Pop/Classic Rock/New Wave/Alt/MensSports","3:53"

"Media overkill","Scorpions","112","80s Rock- B Sides/Guitar","3:34"

"Message In A Bottle","The Police","150","80s Rock- A Sides/Classic Rock","4:44"

"Message Of Love (71bpm)","Pretenders","141","80s Rock- B Sides","3:28"

"Metal Health (Bang Your Head)","Quiet Riot","120","80s Rock- B Sides/Guitar","5:17"

"Mexican Radio - 83 {4 Phrase)","Wall Of Voodoo","82","80s Rock- B Sides","4:11"

"Mickey (Dj Cut 2024)","Toni Basil","149","80s Rock- A Sides/Pop/Classic Rock/WMSport","3:31"

"Middle of the Road (Dj cut 2022)","The Pretenders","83","80s Rock- B Sides","4:08"

"Miss Me Blind","Culture Club","122","80s Rock- A Sides/Pop/New Wave/Alt","4:33"

"Missionary Man (DJ cut)","Eurythmics","124","80s Rock- B Sides","4:00"

"Mixed Emotions","The Rolling Stones","137","80s Rock- B Sides","4:01"

"Modern Love - 185","David Bowie","91","80s Rock- B Sides","4:47"

"Money For Nothing (Class Edit)","Dire Straits","134","80s Rock- A Sides/Classic Rock","3:27"

"Monkey (Dj Cut)","George Michael","97","80s Rock- A Sides/Pop/Classic Rock/New Wave/Alt","5:26"

"Mony Mony","Billy Idol","135","80s Rock- A Sides/Classic Rock/New Wave/Alt/MensSports","5:01"

"Morning Train (Nine to Five)","Sheena Easton","121","80s Rock- A Sides/Classic Rock/New Wave/Alt","3:20"

"Mother (Mixes at 128 jumps to 148)","Danzig","128","80s Rock- B Sides/Guitar","3:25"

"Mr. Brownstone","Guns N' Roses","105","80s Rock- B Sides/Guitar","3:49"

"Mr. Crowley (Dj Cut 2022)","Ozzy Osbourne","108","80s Rock- B Sides/Guitar","4:08"

"Mr. Roboto - 72","Styx","144","80s Rock- B Sides","5:29"

"Mustang Sally","The Commitments","115","80s Rock- B Sides","3:57"

"My Sharona","The Knack","147","80s Rock- A Sides/Pop/Classic Rock/MensSports","4:04"

"Native Love (Step By Step) (Original Mix)","Divine","125","80s Rock- B Sides","5:07"

"Naughty Girls (Need Love Too)","Samantha Fox","112","80s Rock- B Sides","3:23"

"Need You Tonight","INXS","108","80s Rock- A Sides/Guitar-Alt/New Wave/Alt/MensSports","3:02"

"Never Gonna Give You Up (Dj Cut 2025)","Rick Astley","113","80s Rock- A Sides/Pop/New Wave/Alt","3:49"

"Never Let Me Down Again (8ct looper)","Depeche Mode","106","80s Rock- B Sides","4:18"

"New Moon On Monday","Duran Duran","121","80s Rock- B Sides","4:16"

"New Sensation","INXS","115","80s Rock- B Sides","3:40"

"New Song","Howard Jones","113","80s Rock- B Sides","4:18"

"New Years Day","U2","133","80s Rock- A Sides/New Wave/Alt","5:32"

"No More Tears (Dj Cut 2024)","Ozzy Osbourne","102","80s Rock- B Sides/Guitar","6:40"

"No More Words","Berlin","131","80s Rock- B Sides","3:51"

"No Shirt, No Shoes, No Dice (Spicoli)","Brad","0","80s Rock- B Sides","0:27"

"No Sleep Till Brooklyn","Beastie Boys","97","80s Rock- A Sides/New Wave/Alt","4:07"

"Nothin' But a Good Time","Poison","129","80s Rock- A Sides/Guitar-Alt/New Wave/Alt/MensSports","3:45"

"Nowhere Fast","Fire Inc.","82","80s Rock- B Sides","6:03"

"Numbers (Boost)","Kraftwerk","129","80s Rock- B Sides","3:21"

"Obession","Animotion","114","80s Rock- B Sides","3:58"

"Oh Lamour","Erasure","121","80s Rock- B Sides","3:09"

"Oh Sherrie","Steve Perry","102","80s Rock- B Sides","3:50"

"Oh Yeah (8ct Looper)","Yellow","132.470000","80s Rock- B Sides","3:02"

"Old Time Rock & Roll (Dj Cut 2026)","Bob Seger & the Silver Bullet Band","124","80s Rock- A Sides/Guitar-Alt/Classic Rock/MensSports","3:31"

"On The Dark Side (doubletime)","John Cafferty and The Beaver Brown Band","86","80s Rock- B Sides","2:41"

"Once Bitten Twice Shy","Great White","132","80s Rock- B Sides/Guitar","5:23"

"Once In A Lifetime (Remastered LP Version )","Talking Heads","117","80s Rock- A Sides/Pop/Classic Rock","4:20"

"One Bad Stud (Dj Cut 2023)[4 Phrase]","Blasters","115","80s Rock- B Sides","2:31"

"One Foot In Front Of The Other (8ct looper)","Symphony feat. Bone","124","80s Rock- B Sides","3:11"

"One Night In Bangkok (Dj Cut)","Murray Head","108","80s Rock- B Sides","3:23"

"One on One [45 Version]","Hall & Oates","96","80s Rock- A Sides/Pop/Classic Rock","3:55"

"One Thing Leads to Another","The Fixx","136","80s Rock- A Sides/Classic Rock","3:15"

"One Way or Another","Blondie","80","80s Rock- A Sides/Classic Rock/WMSport","3:36"

"Only In My Dreams","Debbie Gibson","125","80s Rock- A Sides/New Wave/Alt","3:57"

"Open Your Heart","Madonna","113","80s Rock- B Sides","3:51"

"Opportunities (Let's Make Lots Of Money)","Pet Shop Boys","120","80s Rock- A Sides/New Wave/Alt","3:41"

"Our House (Dj Cut 2026)","Madness","121.210000","80s Rock- A Sides/Pop/Classic Rock/New Wave/Alt","3:33"

"Our Lips Are Sealed ","The Go-Go's","131","80s Rock- B Sides","2:48"

"Owner of a Lonely Heart (Dj Cut 2025 W-Intro)","Yes","125.000000","80s Rock- A Sides/Pop/Classic Rock","4:42"

"Painkiller","Westworld","131","80s Rock- A Sides/New Wave/Alt","3:29"

"Panama","Van Halen","142","80s Rock- A Sides/Guitar-Alt/Classic Rock/New Wave/Alt/MensSports","3:30"

"Papa Don't Preach","Madonna","122","80s Rock- A Sides/Pop/Classic Rock/New Wave/Alt","4:09"

"Paradise City (Dj Special Tempo Adjusted)","Guns N' Roses","100","80s Rock- A Sides/Guitar-Alt/New Wave/Alt/MensSports","6:44"

"Pass the Dutchie","Musical Youth","150","80s Rock- A Sides/Pop/Classic Rock/MensSports","3:27"

"Paul Revere (Dj Cut 2.0)","Beastie Boys","91","80s Rock- A Sides/New Wave/Alt","3:50"

"People Are People","Depeche Mode","120","80s Rock- A Sides/New Wave/Alt","3:54"

"Perfect Way","Scritti Politti","104","80s Rock- A Sides/Classic Rock/New Wave/Alt","4:44"

"Personal Jesus (Dj Cut 2026)","Depeche Mode","130.000000","Amazon.com Song ID: 203521967","5:04"

"Personal Jesus (Dj Cut 2026)[Accapella]","Depeche Mode","130.000000","Amazon.com Song ID: 203521967","5:05"

"Personal Jesus (Dj Cut 2026)[Blended]","Depeche Mode","130.000000","Amazon.com Song ID: 203521967","5:04"

"Peter Gunn Theme","The Blues Brothers","121","80s Rock- B Sides","3:48"

"Photograph","Def Leppard","123","80s Rock- A Sides/Guitar-Alt//Classic Rock/New Wave/Alt","4:07"

"Physical","Olivia Newton-John","123","80s Rock- A Sides/Pop/Classic Rock/WMSport","3:45"

"Pink Houses (Ain't That America)","John Cougar Mellencamp","115","80s Rock- B Sides","4:44"

"Point of No Return (Nu Shooz)[Dj Cut 2025]","Nu Shooz","109","80s Rock- B Sides","4:18"

"Poison Arrow","ABC","126","80s Rock- B Sides","3:24"

"Policy of Truth","Depeche Mode","113","80s Rock- A Sides/New Wave/Alt","5:14"

"Posse In Effect (Doubletime)","Beastie Boys","86","80s Rock- A Sides/New Wave/Alt","2:26"

"Pour Some Sugar On Me-remix - 170","Def Leppard","85","80s Rock- A Sides/Guitar-Alt/Classic Rock/New Wave/Alt/MensSports","4:53"

"Pride - U2","U2","105","80s Rock- A Sides/New Wave/Alt","3:45"

"Pride And Joy","Stevie Ray Vaughn","127","80s Rock- B Sides","3:40"

"Private Eyes (Dj Cut 2025)","Hall & Oates","120","80s Rock- A Sides/Pop/Classic Rock","3:36"

"Promises, Promises","Naked Eyes","113","80s Rock- B Sides","3:51"

"Pump It Up","Elvis Costello","140","80s Rock- A Sides/Classic Rock","3:13"

"Pure","Lightning Seeds","123","80s Rock- B Sides","3:45"

"Puttin' on the Ritz","Taco","98","80s Rock- A Sides/Classic Rock","4:37"

"R.O.C.K. In The USA (A Salute To 60's Rock) - 82","John Cougar Mellencamp","82","80s Rock- A Sides/Classic Rock","2:55"

"Rag Doll (Vol OK)","Aerosmith","93","80s Rock- A Sides/Guitar-Alt/Classic Rock","4:25"

"Rainbow In the Dark","Dio","116","80s Rock- B Sides/Guitar","4:14"

"Rapture (Class Edit)","Blondie","107","80s Disco Rock A-Sides","5:32"

"Rebel Yell - 83","Billy Idol","83","80s Rock- A Sides/Classic Rock/New Wave/Alt","4:50"

"Red Red Wine (Dj Cut)","UB40","89","80s Rock- A Sides/Classic Rock","5:22"

"Red, Red Wine (Cold Start)","UB40","89","80s Rock- A Sides/Classic Rock","3:02"

"Refugee","Tom Petty","116","80s Rock- B Sides","3:22"

"Relax","Frankie goes hollywood","115","80s Rock- A Sides/New Wave/Alt/MensSports","3:56"

"Revenge Of The Nerds","The Rubinoos","81","80s Rock- B Sides","3:21"

"Rhymin and Stealin (4 phrase)","Beastie Boys","152","80s Rock- A Sides/New Wave/Alt","4:08"

"Rhythm Is Gonna Get You","Gloria Estefan/Miami Sound Machine","125","80s Rock- A Sides/Pop/Classic Rock/WMSport","3:57"

"Ride Like The Wind","Christopher Cross ","124","80s Rock- B Sides","4:27"

"Rio","Duran Duran","140","80s Rock- A Sides/New Wave/Alt/MensSports","5:34"

"Roam","The B-52's","134","80s Rock- A Sides/Classic Rock/WMSport","4:55"

"Rock And A Hard Place","The Rolling Stones","129","80s Rock- B Sides","4:11"

"Rock Lobster - 185","The B-52's","90","80s Rock- B Sides","6:49"

"Rock Me Amadeus","Falco","89","80s Rock- B Sides","4:08"

"Rock the Casbah","The Clash","129","80s Rock- B Sides","3:42"

"Rock This Town - 202 [4 Phrase]","Stray Cats","100","80s Rock- B Sides","2:39"

"Rock You Like A Hurricane (Dj Special 2024)","Scorpions","125","80s Rock- A Sides/Guitar-Alt/Classic Rock","4:13"

"Rocket (4 Phrase)","Def Leppard","83","80s Rock- A Sides/Guitar-Alt//Classic Rock/New Wave/Alt","4:07"

"Roll With It","Steve Winwood","117","80s Rock- A Sides/Classic Rock","5:15"

"Rosanna [Clean] (4 phrase)","Toto","83","80s Rock- B Sides","5:31"

"Round And Round [Ratt](Dj Special 2025)","Ratt","126","80s Rock- A Sides/Guitar-Alt/New Wave/Alt","4:26"

"Run To You","Bryan Adams","126","80s Rock- B Sides","3:53"

"Runnin' Down A Dream - 170 (4 Phrase)","Tom Petty","85","80s Rock- A Sides/Guitar-Alt/Classic Rock","4:23"

"Running Back (4 Phrase)","Eddie Money","81","80s Rock- B Sides","4:00"

"Sabotage - 168 (4 phrase)","Beastie Boys","84","80s A-Sides Rap Nation/Pioneers","2:58"

"Sad Songs (Say So Much)","Elton John","107","80s Rock- B Sides","4:56"

"Same Ol' Situation (S.O.S.)","Mötley Crüe","140","80s Rock- B Sides/Guitar","4:13"

"Save It For Later","The English Beat","129","80s Rock- B Sides","3:34"

"Self Control","Laura Branigan","106","80s Rock- A Sides/Classic Rock","4:06"

"Send Me An Angel (ClassEdit)","Real Life","131","80s Rock- B Sides","3:56"

"Separate Ways (Worlds Apart)","Journey","132","80s Rock- B Sides","5:26"

"Shake a Leg (dj cut 2022)","AC/DC","152","80s Rock- B Sides/Guitar","3:28"

"Shake It Up","The Cars","147","80s Rock- B Sides","3:35"

"Shake Your Love","Debbie Gibson","120","80s Rock- B Sides","3:38"

"Shake Your Rump (Dj Cut 2022 OK)","Beastie Boys","103","80s Rock- A Sides/New Wave/Alt","3:25"

"Sharp Dressed Man (Dj Cut 2026)","ZZ Top","125.000000","80s Rock- A Sides/Guitar-Alt/Classic Rock/MensSports","4:35"

"She Blinded Me With Science (Dj Special 2023)","Thomas Dolby","129","80s Rock- B Sides","3:43"

"She Bop [Special Dance Mix] (class edit)","Cyndi Lauper","136","80s Rock- A Sides/New Wave/Alt","4:49"

"She Drives Me Crazy","Fine Young Cannibals","108","80s Rock- A Sides/New Wave/Alt","3:38"

"She's A Beauty","The Tubes","111","80s Rock- B Sides","3:57"

"She's Crafty","Beastie Boys","97","80s Rock- A Sides/New Wave/Alt","3:35"

"She's On It","Beastie Boys","140","80s Rock- A Sides/New Wave/Alt","4:18"

"Shock the Monkey (Dj cut)","Peter Gabriel","148","80s Rock- A Sides/Pop/Classic Rock/MensSports","3:57"

"Should I Stay or Should I Go ","The Clash","113","80s Rock- B Sides","3:09"

"Shout (TFF) (8ct looper)","Tears for Fears","97","80s Rock- B Sides","4:05"

"Shout At The Devil (8ct Looper)","Mötley Crüe","94","80s Rock- B Sides/Guitar","3:15"

"Silent Running","Mike + The Mechanics","131","80s Rock- B Sides","6:14"

"Simply Irresistible","Robert Palmer","142","80s Rock- A Sides/Classic Rock","4:14"

"Sisters Are Doin' It For Themselves","Eurythmics","136","80s Rock- B Sides","4:56"

"Situation","Yaz","118.470000","80s Rock- A Sides/New Wave/Alt","5:46"

"Sledgehammer (Dj Cut 2023)","Peter Gabriel","96","80s Rock- A Sides/Pop/Classic Rock/MensSports","4:59"

"Slow And Low (4 Phrase)","Beastie Boys","84","80s Rock- A Sides/New Wave/Alt","3:49"

"Slow Ride","Beastie Boys","96","80s Rock- A Sides/New Wave/Alt","2:57"

"Small Town Boy","Bronski Beat","134","80s Rock- B Sides","4:58"

"Smokin In The Boys Room","Mötley Crüe","135","80s Rock- B Sides/Guitar","3:27"

"Smuggler's Blues","Glenn Frey","124","80s Rock- B Sides","4:20"

"Some Guys Have All the Luck","Rod Stewart","126","80s Rock- B Sides","4:34"

"Some Like It Hot","The Power Station","125","80s Rock- A Sides/Classic Rock","5:04"

"Somebody's Baby","Jackson Browne","118","80s Rock- B Sides","4:03"

"Something About You","Level 42","105","80s Rock- B Sides","3:42"

"Speedfreak  (1980's)(4 Phrase)","Motörhead","132","80s Rock- B Sides/Guitar","3:21"

"Spirits in The Material World","The Police","141","80s Rock- A Sides/Classic Rock","2:59"

"Stand Back","Stevie Nicks","115","80s Rock- B Sides","4:57"

"Start Me Up","The Rolling Stones","122","80s Rock- B Sides","3:32"

"Steppin' Out - 79.88","Joe Jackson","80","80s Rock- B Sides","4:19"

"Strangelove","Depeche Mode","119","80s Rock- A Sides/New Wave/Alt","3:47"

"Strut","Sheena Easton","114","80s Rock- A Sides/Pop/New Wave/Alt/WMSport","4:00"

"Stuck With You","Huey Lewis & The News","121","80s Rock- A Sides","4:27"

"Sugar Walls","Sheena Easton","126","80s Rock- A Sides/Pop/New Wave/Alt","4:01"

"Suicide Blonde","INXS","120","80s Rock- B Sides","3:51"

"Summer of 69 (8ct Looper)","Bryan Adams","139","80s Rock- B Sides","3:23"

"Sunday Bloody Sunday (Remaster)","U2","100","80s Rock- B Sides","4:42"

"Sunglasses at Night","Corey Hart","127","80s Rock- A Sides/Classic Rock/New Wave/Alt","3:54"

"Sussudio (Dj Cut 2025)","Phil Collins -Genesis","121","80s Rock- A Sides/Pop/Classic Rock","4:35"

"Sussudio [12' Live Mix] (Dj Cut)","Phil Collins -Genesis","121","80s Rock- A Sides/Pop/Classic Rock/MensSports","6:04"

"Sweet Child O' Mine (dj cut 2022)","Guns N' Roses","124","80s Rock- A Sides/Guitar-Alt/New Wave/Alt/MensSports","5:33"

"Sweet Dreams (Are Made of This)","Eurythmics","125","80s Rock- A Sides/Pop/Classic Rock/WMSport","3:35"

"Sweet Freedom","Michael McDonald","115","80s Rock- B Sides","7:40"

"Swing the Mood (doubletime)","Jive Bunny","92","80s Rock- B Sides","4:52"

"Synchronicity II - 79","The Police","159","80s Rock- B Sides","5:02"

"Tainted Love (Club Mix)","Soft Cell","144","80s Rock- B Sides","2:40"

"Tainted Love _ Where Did Our Love Go (Audacity Version)","Soft Cell","144","80s Rock- A Sides/New Wave/Alt","5:02"

"Take Me Home Tonight/Be My Baby","Eddie Money","132","80s Rock- B Sides","3:31"

"Take on Me - 84 (4 Phrase)","A-Ha","84","80s Rock- A Sides/Pop/New Wave/Alt","3:49"

"Talk Dirty To Me - 78","Poison","158","80s Rock- B Sides/Guitar","3:43"

"Talk Talk (looper)","Talk Talk","135","80s Rock- B Sides","3:24"

"Talking in Your Sleep","The Romantics","129","80s Rock- A Sides/Classic Rock","3:54"

"Tarzan  Boy","Baltimora","107","80s Rock- A Sides/New Wave/Alt","3:41"

"Teacher, Teacher","38 Special","156","80s Rock- B Sides","3:15"

"Tell Her About It - 182","Billy Joel","91","80s Rock- A Sides/Classic Rock","3:51"

"Tenderness (Doubletime)","General Public","91","80s Rock- B Sides","3:32"

"That's All - 176","Phil Collins -Genesis","87","80s Rock- A Sides/Pop/Classic Rock","4:26"

"The Ballroom Blitz (4 phrase doubletime)","Sweet","109","80s Rock- B Sides","3:59"

"The Break Up Song","Greg Kihn Band","142","80s Rock- B Sides","2:47"

"The Emperor's New Clothes (Dj Cut 2026)","Sinead O'Connor","123.190000","80s Rock- A Sides","5:30"

"The Final Countdown","Europe","118","80s Rock- B Sides","5:09"

"The Future's So Bright, I Gotta Wear Shades","Timbuk 3","158","80s Rock- B Sides","3:21"

"The Goonies 'R' Good Enough","Cyndi Lauper","140","80s Rock- B Sides","3:38"

"The Heart Of Rock and Roll","Huey Lewis & The News","142","80s Rock- A Sides/Classic Rock","5:02"

"The Heats Is On","Glen Frey","149","80s Rock- A Sides/Classic Rock","3:47"

"The House Is Rockin'","Stevie Ray Vaughan & Double Trouble","86","80s Rock- B Sides","2:23"

"The King of Wishful Thinking","Go West","107","80s Rock- B Sides","4:02"

"The Longest Time (doubletime)","Billy Joel","84","80s Rock- A Sides/Classic Rock","3:38"

"The Look of Love, Pt. 1","ABC","120","80s Rock- B Sides","3:30"

"The Look","Roxette","95","80s Rock- B Sides","3:49"

"The Lover In Me","Sheena Easton","115.450000","80s Rock- B Sides","5:01"

"The Metro - 85","Berlin","84","80s Rock- B Sides","4:10"

"The Motown Song (116 bpm)","Rod Stewart","116","80s Rock- B Sides","4:00"

"The New Style (Dj Cut 2023) ENDS @ 154bpm","Beastie Boys","98","80s Rock- A Sides/New Wave/Alt","4:29"

"The One I Love","R.E.M.","127","80s Rock- B Sides","3:18"

"The Power of Love","Huey Lewis & The News","118","80s Rock- A Sides/Classic Rock","3:55"

"The Reflex (2010 Remaster)","Duran Duran","126","80s Rock- A Sides/New Wave/Alt/MensSports","5:30"

"The Safety Dance","Men Without Hats","101","80s Rock- A Sides/Classic Rock","4:32"

"The Spirit Of Radio (Get out quick)","Rush","136","80s Rock- B Sides","4:57"

"The Walls","John Cougar Mellencamp","127","80s Rock- A Sides/Classic Rock","3:34"

"The Warrior","Patty Smyth/Scandal","123","80s Rock- B Sides","3:57"

"The Way You Do The Things You Do - UB40 (4 Phrase)","UB40","80","80s Rock- A Sides/Classic Rock","3:17"

"Things Can Only Get Better","Howard Jones","108","80s Rock- A Sides/Classic Rock/New Wave/Alt","3:56"

"Think I'm in Love (150bpm)","Eddie Money","150","80s Rock- B Sides","3:10"

"This is Radio Clash","The Clash","122","80s Rock- B Sides","4:11"

"This Must Be The Place","Talking Heads","114","80s Rock- B Sides","4:55"

"Time (Clock of the Heart)","Culture Club","117","80s Rock- A Sides/Pop/New Wave/Alt","3:44"

"Time To Get Ill (Dj Cut)","Beastie Boys","98","80s Rock- A Sides/New Wave/Alt","3:46"

"Together Forever","Rick Astley","115","80s Rock- B Sides","3:26"

"Tom Sawyer (8ct looper)","Rush","87","80s Rock- B Sides","4:35"

"Tommorrow People (Dj Special 2022)","Ziggy Marley","96.000000","80s Rock- A Sides/Classic Rock/New Wave/Alt","3:37"

"Too Much Time On My Hands","Styx","131","80s Rock- B Sides","4:32"

"Too Shy (Dj Cut 2025)","Kajagoogoo","108","80s Rock- A Sides/New Wave/Alt","3:19"

"Touch Me (I Want Your Body)","Samantha Fox","104","80s Rock- B Sides","3:43"

"Touch of Grey (2015 Remaster)","The Grateful Dead","80","80s Rock- B Sides","5:50"

"True Blue","Madonna","118","80s Rock- A Sides/Pop/Classic Rock/New Wave/Alt","4:18"

"Tuff Enuff","The Fabulous Thunderbirds","116","80s Rock- B Sides","3:21"

"Turning Japanese (8ct doubletime looper)","The Vapors","89","80s Rock- B Sides","3:46"

"Tush","ZZ Top","146.300000","80s Rock- B Sides","2:17"

"Twilight Zone (Short)","Golden Earring","118","80s Rock- B Sides","5:38"

"Two Of Hearts (dj Cut 2022)","Stacy Q","130","80s Rock- A Sides/Pop/New Wave/Alt/WMSport","3:40"

"Unbelievable","EMF","104","80s Rock- A Sides/New Wave/Alt","3:32"

"Under Pressure (Remastered) [feat. David Bowie]","Queen","113","80s Rock- B Sides","4:05"

"Undercover Of The Night","The Rolling Stones","121","80s Rock- B Sides","4:33"

"Union of the Snake","Duran Duran","116","80s Rock- B Sides","4:20"

"Unskinny Bop ","Poison","92","80s Rock- A Sides/Guitar-Alt/New Wave/Alt","3:47"

"Up All Night","Slaughter","98","80s Rock- B Sides/Guitar","4:06"

"Uptown Girl (Dj Cut 2025)","Billy Joel","128","80s Rock- A Sides/Classic Rock","3:29"

"Used to Love Her (Class Edit)","Guns N' Roses","135","80s Rock- B Sides/Guitar","3:11"

"Used to Love Her","Guns N' Roses","135","80s Rock- B Sides/Guitar","3:13"

"Valley Girl","Frank Zappa and Moon Zappa","144","80s Rock- B Sides","4:51"

"Venus","Bananarama","125","80s Rock- B Sides","3:39"

"Video Killed the Radio Star","The Buggles","130","80s Rock- B Sides","3:14"

"Vogue","Madonna","116","80s Rock- A Sides/Pop/Classic Rock/New Wave/Alt/MensSports","5:18"

"Waiting On A Friend","The Rolling Stones","115","80s Rock- B Sides","4:35"

"Wake Me Up Before You Go-Go - 81 [4 Phrase]","Wham!","81","80s Rock- A Sides/Pop/New Wave/Alt/MensSports","3:51"

"Walk Like an Egyptian (4 Phrase)","The Bangles","103","80s Rock- B Sides","3:25"

"Walk Of Life - 172 (4 Phrase) (Slow Start)","Dire Straits","86","80s Rock- A Sides/Classic Rock","4:01"

"Walking on Sunshine (4 phrase doubletime)","Katrina & the Waves","110","80s Rock- A Sides/New Wave/Alt","3:59"

"Waterloo (English Version)","ABBA","146","80s Rock- A Sides/Classic Rock","2:46"

"We Didn't Start the Fire","Billy Joel","145","80s Rock- A Sides/Classic Rock","4:50"

"We Got The Beat","The Go-Go's","152","80s Rock- A Sides/Pop/Classic Rock/WMSport","2:30"

"We Will Rock You {Solo Cut}","Queen ","81","80s Rock- A Sides/Classic Rock/MensSports","2:01"

"We Will Rock You cutwearechamps","Queen ","81","80s Rock- A Sides/Classic Rock/MensSports","5:03"

"Weird Science","Oingo Boingo","128","80s Rock- B Sides","6:07"

"Welcome to the Jungle (Dj Cut 2022)","Guns N' Roses","123","80s Rock- A Sides/Guitar-Alt/New Wave/Alt/MensSports","4:09"

"We're Not Gonna Take It","Twisted Sisters","148","80s Rock- A Sides/Guitar-Alt/New Wave/Alt/MensSports","3:39"

"West End Girls","Pet Shop Boys","113","80s Rock- A Sides/New Wave/Alt","3:59"

"What I Like About You (4 phrase doubletime)","The Romantics","159","80s Rock- A Sides/Classic Rock","2:58"

"What Is Love","Howard Jones","97","80s Rock- B Sides","3:42"

"What You Need","INXS","116","80s Rock- A Sides/Guitar-Alt/New Wave/Alt","3:35"

"What's on Your Mind (Pure Energy)","Information Society","118","80s Rock- B Sides","4:35"

"When The World Is Running Down, You Make The Best Of What's Still Around","The Police","124","80s Rock- A Sides/Pop/Classic Rock","3:37"

"Whip it","Devo","158","80s Rock- A Sides/Classic Rock/MensSports","2:40"

"Who Can It Be Now?","Men at Work","129","80s Rock- B Sides","3:23"

"Who Made Who (Edit)","AC/DC","125","80s Rock- B Sides/Guitar","3:23"

"Who's That Girl (Dj Cut)","Madonna","103","80s Rock- A Sides/Pop/Classic Rock/New Wave/Alt","4:05"

"Why Can't I Be You? (4 phrase doubletime)","The Cure","108","80s Rock- A Sides/Guitar-Alt/New Wave/Alt","3:15"

"Why Cant This Be Love (Dj Special 2021)","Van Halen","88","80s Rock- B Sides/Guitar","3:41"

"Wild Boys","Duran Duran","115","80s Rock- B Sides","4:14"

"Wild Night","John Cougar Mellencamp","144","80s Rock- B Sides","3:28"

"Wild Side (Dj Cut)","Mötley Crüe","115","80s Rock- B Sides/Guitar","4:40"

"Wild Wild Life","Talking Heads","137.210000","80s Rock- B Sides","3:40"

"Wild, Wild West","Escape Club","140","80s Rock- B Sides","3:59"

"Words","Missing Persons","135","80s Rock- B Sides","4:28"

"Working For The Weekend","Loverboy","147","80s Rock- B Sides","3:42"

"Would I Lie to You?","Eurythmics","132","80s Rock- B Sides","4:24"

"Wrap It Up","The Fabulous Thunderbirds","120","80s Rock- B Sides","2:43"

"You Belong To The City","Glen Frey","109","80s Rock- A Sides/Classic Rock","5:50"

"You Can Call Me Al","Paul Simon","128","80s Rock- B Sides","4:40"

"You Can't Hurry Love (Doubletime)","Phil Collins","97","80s Rock- B Sides","2:56"

"You Dick","Jeff Spicolli","0","80s Rock- B Sides","0:19"

"You Give Love a Bad Name (Dj Cut 2025) Accapella Intro","Bon Jovi","122.480000","80s Rock- A Sides/Guitar-Alt/New Wave/Alt","4:02"

"You Give Love a Bad Name (Dj Cut 2026) Music Intro","Bon Jovi","122.480000","80s Rock- A Sides/Guitar-Alt/New Wave/Alt","3:54"

"You Keep Me Hangin' On (Kim Wilde Club Mix) [Dj Special 2024]","Kim Wilde","134","80s Rock- B Sides","3:11"

"You Keep Me Hangin On (Kim Wilde)","Kim Wilde","123","80s Rock- B Sides","4:15"

"You Make My Dreams (Doubletime) - 83","Hall & Oates","83","80s Rock- A Sides/Pop/Classic Rock","3:03"

"You May Be Right ","Billy Joel","150","80s Rock- B Sides","4:14"

"You Might Think","The Cars","134","80s Rock- B Sides","3:05"

"You Really Got Me - Van Halen","Van Halen","137","80s Rock- A Sides/Guitar-Alt/Classic Rock/New Wave/Alt/MensSports","2:38"

"You Shook Me All Night Long","AC/DC","127","80s Rock- A Sides/Guitar-Alt/Classic Rock/MensSports","3:30"

"You Spin Me Round ( ''12 Version){Dj Cut 2026}","Dead or Alive","129","80s Rock- A Sides/Guitar-Alt/New Wave/Alt","4:09"

"Your Love (Dj Special 2022 - Music Back)","The Outfield","129","80s Rock- B Sides","6:28"

"Your Love [Extended Remix](Vocal Intro)","The Outfield","129","80s Rock- B Sides","6:41"

"Your Love [Original Edit]","The Outfield","129","80s Rock- A Sides/Classic Rock/New Wave/Alt","6:27"

"You're Crazy (Class Edit)","Guns N' Roses","92","80s Rock- B Sides/Guitar","4:07"

"You're Crazy","Guns N' Roses","92","80s Rock- B Sides/Guitar","4:09"

"You've Got Another Thing Comin","Judas Priest","137","80s Rock- A Sides/Guitar-Alt/Classic Rock/MensSports","4:50"

"You've Got It (The Right Stuff)","New Kids on the Block","111","80s Rock- A Sides/Pop/New Wave/Alt","4:10"

